timestamp_jst,date_jst,time_jst,post_type,has_affiliate,affiliate_url_used,cta_type,posted_text,success,error
2026-04-27T21:07:21.539534+09:00,2026-04-27,21:07:21,story,false,,none,6ヶ月前にAI副業を始めてから、毎月の収入は約5万円まで増えました。最初のころはお金を払って学習コンテンツを購入し、時間をかけて技術を学びました。今ではアプリ開発や自動化の依頼を受けて収益化しています。なのにまだ、自分の価値と収入のギャップに悩むことがあります。ただ、夜になると、自分が歩み出してきたことを振り返ってみて、成長を実感します。収入が増えても、心の満足感は同じではないということも学びました。\n\n#AI副業 #個人開発,true,
2026-04-28T02:11:53.722791+09:00,2026-04-28,02:11:53,insight,false,,none,夜になると、AIの学習データが頭をよぎる。自動化で収益を増やした1つ目のプロジェクトは、30日で2500円の収入になった。これからも、時間との戦いを続ける。個人開発での自由さが好きだ。\n\n#AI活用 #副業,true,
2026-04-28T11:00:41.668387+09:00,2026-04-28,11:00:41,failure,false,,none,失敗したプロジェクトにはいくつかの共通点がありました。まず、計画段階で十分なリサーチと分析を行っていませんでした。その結果、市場のニーズを的確に理解できず、プロダクトが受け入れられなかったことです。また、コミュニケーション不足も大きな要因でした。チーム内での意見のすり合わせとフィードバックを定期的に行っていなかったために、問題が早期に発見できませんでした。これらの反省から、今後のプロジェクトでは事前にしっかりと調べ、コミュニケーションを重視して、より成功したプロジェクトになるように心がけたいと思います。\n\n#AI副業 #個人開発,true,
2026-04-28T17:09:01.281416+09:00,2026-04-28,17:09:01,howto,false,,none,1日30分の学習で、プログラミングスキルを向上させるには\n1. 毎日同じ時間に学習するルーティーンを作ることを開始する\n2. Groqなどのオンラインプラットフォームを利用して、実践的な課題に取り組む\n3. GitHub Actionsを使って自動テストを設定し、コードの質を向上させる\n4. ClaudeなどのAIツールを活用して、コードのレビューとフィードバックを受けることで、より効率的な学習が可能になる\n\n#AI活用 #個人開発,true,
2026-04-28T22:28:38.759804+09:00,2026-04-28,22:28:38,affiliate_soft,true,https://px.a8.net/svt/ejp?a8mat=4B1RXW+1JU+2OM2+ZQFQA,soft,夜になると、いつも私は過去の経験を振り返っていて、その中で特に印象に残っているのは、あるWEBサービスを利用して変わった経験をしたことです。そのサービスは、私の課題であった時間管理を徹底的に支援してくれるツールでした。特に、タスクの優先順位付けや、作業時間の分析ができる点がとても良かったです。気になった人はこちらに試してみて、自分の時間管理を変えてみてください。 👉 https://px.a8.net/svt/ejp?a8mat=4B1RXW+1JU+2OM2+ZQFQA\n\n#副業 #AI活用,true,
2026-04-29T11:02:41.359821+09:00,2026-04-29,11:02:41,affiliate_hard,true,https://px.a8.net/svt/ejp?a8mat=4B1RXW+J1WWQ+3TVC+BWVTE,hard,10万回以上のトラフィックを増やす方法に興味がありますか。アクセス解析ツール「Google Analytics」やSEOツール「Ahrefs」を使用することで、ウェブサイトのパフォーマンスを分析し、改善点を発見できます。効率的なマーケティング策定が可能になり、トラフィックの増加にもつながります。実践的なテクニックを学ぶことで、より効果的なサイト運営ができます。さらに詳しい情報を知りたい方は、以下のリンクをご覧ください：👉 https://px.a8.net/svt/ejp?a8mat=4B1RXW+J1WWQ+3TVC+BWVTE\n\n#副業収入 #AI副業,true,
2026-04-29T17:02:02.643854+09:00,2026-04-29,17:02:02,story,false,,none,"1ヶ月前に始めたAI副業がようやく軌道に乗り始めた。毎日6時間以上を開発に費やし、収益化の方法を模索していたが、ようやく初めての収益が入った。月額¥5,000から¥30,000まで上げたのは、自分の努力とAIの力を信じて頑張った結果だった。でも、収益が増えても、まだまだ満足できるものではなく、もっと学びたいと思う。開発で得た知識や経験を活かし、将来的には大きな収益を生み出せるように頑張りたい。夜の静寂の中、自分自身を振り返りながら、明日も新たな挑戦をする決心が固まる。\n\n#AI副業 #個人開発",true,
2026-04-29T22:22:58.054271+09:00,2026-04-29,22:22:58,insight,false,,none,夜になると、AI副業を通じて得た収入の80%は自動化によって来ていることに気が付いた。自分での手動作業を減らし、時間を創造することで、新たなプロジェクトにも取り組むことができている。\n\n#AI活用 #副業,true,
2026-04-30T11:02:05.383122+09:00,2026-04-30,11:02:05,failure,false,,none,無駄だった、初めてのプロジェクトでチームワークを意識せずに一人で進めてしまった。結果として、期限を守れず、メンバーの協力が得られなかった。途中で変更が発生したときにも、全員で話し合っていれば、より良い解決策が見つかっただろう。反省点は、コミュニケーションが十分でなかったこと。これから、大事なのは自分だけでなく、チームの力も大切にすることだ。\n\n#AI副業 #個人開発,true,
2026-04-30T17:05:36.172892+09:00,2026-04-30,17:05:36,howto,false,,none,30日で3000人のフォロワーを獲得した経験から学んだことは、Consistencyが重要であることを再認識した。以下は、そのときの手順。\n1. まず、Groqを使って投稿のスケジュールを計画し、毎日更新できるような内容を準備する。\n2. 次に、GitHub Actionsで自動化ツールを設定し、毎日正午に投稿が配信されるようにした。\n3. さらに、Claudeを使って投稿の内容を分析し、フォロワーの反応を調べることで、より効果的な投稿を作成することができた。\nこのようにして初心者でも簡単にフォロワーを増やすことができる。\n\n#AI活用 #個人開発,true,
2026-04-30T22:20:23.646477+09:00,2026-04-30,22:20:23,affiliate_soft,true,https://px.a8.net/svt/ejp?a8mat=4B1RXW+1JU+2OM2+ZQFQA,soft,夜になると、自分の時間が少しずつ失われているような気がしてきた。毎日のルーティーンが遅刻によって狂ってしまい、ストレスが溜まってしまう。そんな時に出会ったツールが救世主だった。特に、タスクの管理や時間の割り当てが簡単にできる点がよかった。気になった人は、こちらを試してみて欲しいと思う。👉 https://px.a8.net/svt/ejp?a8mat=4B1RXW+1JU+2OM2+ZQFQA\n\n#副業 #AI活用,true,
2026-05-01T11:05:40.915240+09:00,2026-05-01,11:05:40,affiliate_hard,true,https://px.a8.net/svt/ejp?a8mat=4B1RXW+J1WWQ+3TVC+BWVTE,hard,5つのツールで収入を増やすことができます。Amazonアソシエイトのようなサービスを活用すれば、商品の紹介だけで収入を得ることができます。毎月の収入を得るための基礎となるシステムを構築できるので、収入源の拡大に役立ちます。実際に試してみて、自分に合った方法を見つけましょう。収入を増やすための手段を学ぶことは、経済的自由への第一歩になるでしょう。👉 https://px.a8.net/svt/ejp?a8mat=4B1RXW+J1WWQ+3TVC+BWVTE\n\n#副業収入 #AI副業,true,
2026-05-01T17:03:05.734752+09:00,2026-05-01,17:03:05,story,false,,none,1歳半の娘と一緒に過ごす時間が増えて、AIを利用した副業を始めて2ヶ月が経過した。初めの頃は収益化の目標だけを追っていたが、最近は自分のペースで生活できることの幸せに気づいている。アプリ開発を通じて自動化することの効率化を学んだことが、仕事の質と収入を同時に上げることができた。夜になると仕事を通じて得た知識や経験を反省し、家族と過ごす時間を大切にしようと心に念じている。\n\n#AI副業 #個人開発,true,
2026-05-01T21:55:44.139203+09:00,2026-05-01,21:55:44,insight,false,,none,夜の静寂の中で、AI副業の可能性について考える。自動化ツールを使用して、1ヶ月で平均35件のタスクを自動化できた。その結果、月に10時間以上の時間節約、生産性の向上に繋がった。自分自身の働き方を見直すチャンスになっている。\n\n#AI活用 #副業,true,
2026-05-02T10:52:58.731059+09:00,2026-05-02,10:52:58,failure,false,,none,無駄だったことに気が付いたのは、昨日のプレゼン準備でした。大量の資料を作成したのですが、結局使わないことに気がつきました。時間とリソースを無駄に使ってしまったと思い、反省しています。ただ、失敗は学びの機会だと思います。今回の反省を活かし、次回は無駄な準備をしないようにし、効率的な準備方法を考えたほうがいいと思いました。失敗は誰にでも起こり得るものなので、落ち込むのではなく、次へのステップアップとして捉えることが大切です。\n\n#AI副業 #個人開発,true,
2026-05-02T16:20:32.997956+09:00,2026-05-02,16:20:32,howto,false,,none,10分で実現できるWebアプリケーションの自動テストを始めるための方法を紹介します。\n1. GitHub Actionsを利用した自動テストの設定を開始します。\n2. Groqを用いてテストコードの作成と実行を自動化します。\n3. Claudeを取り入れて、テスト結果の分析と改善を効率化します。\nこれらのステップを実践することで、開発効率を向上させ、より高速に品質の高いWebアプリケーションを開発できます。\n\n#AI活用 #個人開発,true,
2026-05-02T21:45:49.794098+09:00,2026-05-02,21:45:49,affiliate_soft,true,https://px.a8.net/svt/ejp?a8mat=4B1RXW+1JU+2OM2+ZQFQA,soft,夜更けに仕事のストレスから解放される時間を作ることはとても大切だと思っている。そんな中、最近使い始めたツールがその時間をより質の高いものにしてくれた。毎日のリポートを作成するのが大変で、時間が取られていたが、このツールを使うことで自動化できたことがよかった。特に、デザインが簡単に変更できる点も気に入っている。気になった人はこちら👉 https://px.a8.net/svt/ejp?a8mat=4B1RXW+1JU+2OM2+ZQFQA\n\n#副業 #AI活用,true,
2026-05-03T10:55:42.113321+09:00,2026-05-03,10:55:42,affiliate_hard,true,https://px.a8.net/svt/ejp?a8mat=4B1RXW+J1WWQ+3TVC+BWVTE,hard,90%の人が知らないマーケティングの秘訣を紹介します。Notionというツールを使うことで、タスク管理とコンテンツ作成を効率化することができます。不足しているスキルを補うことも可能で、時間管理にも役立ちます。Notionで新しいスタートを切ってみてください。👉 https://px.a8.net/svt/ejp?a8mat=4B1RXW+J1WWQ+3TVC+BWVTE\n\n#副業収入 #AI副業,true,
2026-05-03T16:49:05.168561+09:00,2026-05-03,16:49:05,story,false,,none,3ヶ月前にAI副業を始めて、月にあと１万円の収入を得られるようになった。開発と自動化の実践の結果、効率化が進み、副業として受託する案件が増えている。これまでの経験から、重要なのは知識やスキルの習得だけでなく、継続して実践することだと思った。収益化のための戦略や、マーケティングの工夫も大切だが、まずは自分の強みや得意分野を理解することが大切だと感じた。時間があれば毎日勉強し、実践することを心がけている。実体験を通じて、自分自身の成長にも気づいている。\n\n#AI副業 #個人開発,true,
2026-05-03T21:45:33.833535+09:00,2026-05-03,21:45:33,insight,false,,none,夜の静けさの中で、思うこと。これまでのAI副業や自動化の経験から、1つの気づきが訪れた。約30%のタスクを自動化し、時間を大幅に節約できている。個人開発の効率化につながっている。\n\n#AI活用 #副業,true,
2026-05-04T10:57:29.438961+09:00,2026-05-04,10:57:29,failure,false,,none,やらなくてよかったことがあった。最近、新しいプロジェクトに取り組んでいて、途中で行き詰まってしまった。時間をかけても期待どおりの結果が出ないでいた。何度も試みたけど、同じパターンが繰り返されてしまった。途中で諦めて、別のアプローチを試すことができなかった。振り返ってみると、最初の計画にこだわりすぎて、柔軟性が欠けていた。次回は、より柔軟に対応できるよう準備しておきたい。失敗から学ぶことができたので、次の挑戦にも役立てたい。\n\n#AI副業 #個人開発,true,
2026-05-04T17:18:51.206119+09:00,2026-05-04,17:18:51,howto,false,,none,1日の時間が12時間短縮されたかのような感覚に陥ることがある。そんなときに気づいたことで、仕事の効率化が大幅に進んだ。 \n1. 最初に目標の設定を行い、Groqでスケジュールを管理する。\n2. GitHub Actionsを活用し、繰り返しになるタスクの自動化を行う。\n3. Claudeを使用して、ドキュメントの作成と整理を迅速に行う。\nこれらの方法で、仕事を効率化することができた。夜になり静かになる時間の中で、これらの手順を再考してみると、さらに改善できる点がありそうだ。\n\n#AI活用 #個人開発,true,
